StoreID,StoreName,City,Province,Region,StoreType,OpenDate
1,Store 0001,Ottawa,ON,Central,Corporate,2004-01-12
2,Store 0002,Halifax,NS,Atlantic,Dealer-Owned,2018-06-30
3,Store 0003,St. Johns,NL,Atlantic,Corporate,2003-06-16
4,Store 0004,Red Deer,AB,West,Corporate,2000-04-05
5,Store 0005,Hamilton,ON,Central,Dealer-Owned,2024-04-05
6,Store 0006,Ottawa,ON,Central,Dealer-Owned,2012-01-29
7,Store 0007,Montreal,QC,East,Dealer-Owned,2007-12-29
8,Store 0008,Halifax,NS,Atlantic,Corporate,2013-08-15
9,Store 0009,Sherbrooke,QC,East,Dealer-Owned,2003-03-05
10,Store 0010,Gatineau,QC,East,Dealer-Owned,2022-01-20
11,Store 0011,Vancouver,BC,West,Corporate,2010-04-20
12,Store 0012,Calgary,AB,West,Dealer-Owned,2008-09-27
13,Store 0013,Halifax,NS,Atlantic,Dealer-Owned,2018-02-13
14,Store 0014,Barrie,ON,Central,Dealer-Owned,2022-10-12
15,Store 0015,Barrie,ON,Central,Dealer-Owned,2017-09-28
16,Store 0016,Ottawa,ON,Central,Dealer-Owned,2008-05-27
17,Store 0017,Sherbrooke,QC,East,Corporate,2016-12-15
18,Store 0018,Winnipeg,MB,Prairies,Dealer-Owned,2019-06-11
19,Store 0019,Montreal,QC,East,Dealer-Owned,2018-09-20
20,Store 0020,Toronto,ON,Central,Dealer-Owned,2011-07-27
21,Store 0021,Red Deer,AB,West,Dealer-Owned,2010-02-04
22,Store 0022,Winnipeg,MB,Prairies,Dealer-Owned,2024-03-24
23,Store 0023,Hamilton,ON,Central,Dealer-Owned,2010-04-06
24,Store 0024,Ottawa,ON,Central,Dealer-Owned,2008-09-05
25,Store 0025,Calgary,AB,West,Dealer-Owned,2021-06-29
26,Store 0026,Richmond,BC,West,Dealer-Owned,2016-08-07
27,Store 0027,Montreal,QC,East,Dealer-Owned,2022-12-16
28,Store 0028,Kitchener,ON,Central,Dealer-Owned,2021-03-11
29,Store 0029,Burnaby,BC,West,Dealer-Owned,2000-05-16
30,Store 0030,London,ON,Central,Dealer-Owned,2009-02-10
31,Store 0031,Laval,QC,East,Corporate,2003-03-29
32,Store 0032,London,ON,Central,Dealer-Owned,2023-04-03
33,Store 0033,Winnipeg,MB,Prairies,Dealer-Owned,2001-12-30
34,Store 0034,Calgary,AB,West,Dealer-Owned,2000-12-03
35,Store 0035,London,ON,Central,Corporate,2024-04-05
36,Store 0036,Winnipeg,MB,Prairies,Dealer-Owned,2011-10-30
37,Store 0037,Toronto,ON,Central,Corporate,2009-02-06
38,Store 0038,Edmonton,AB,West,Dealer-Owned,2012-05-01
39,Store 0039,Victoria,BC,West,Dealer-Owned,2012-04-18
40,Store 0040,Montreal,QC,East,Dealer-Owned,2000-05-24
41,Store 0041,Edmonton,AB,West,Dealer-Owned,2024-07-15
42,Store 0042,Regina,SK,Prairies,Dealer-Owned,2002-07-14
43,Store 0043,Edmonton,AB,West,Dealer-Owned,2003-03-17
44,Store 0044,Saskatoon,SK,Prairies,Dealer-Owned,2022-11-15
45,Store 0045,Charlottetown,PE,Atlantic,Dealer-Owned,2005-02-06
46,Store 0046,Kitchener,ON,Central,Dealer-Owned,2006-04-25
47,Store 0047,London,ON,Central,Dealer-Owned,2016-06-03
48,Store 0048,Calgary,AB,West,Dealer-Owned,2015-05-12
49,Store 0049,Windsor,ON,Central,Dealer-Owned,2000-04-20
50,Store 0050,Winnipeg,MB,Prairies,Dealer-Owned,2011-05-12
51,Store 0051,Gatineau,QC,East,Corporate,2006-02-01
52,Store 0052,Kingston,ON,Central,Dealer-Owned,2005-07-29
53,Store 0053,Saskatoon,SK,Prairies,Dealer-Owned,2018-09-23
54,Store 0054,Kingston,ON,Central,Dealer-Owned,2021-11-07
55,Store 0055,Saskatoon,SK,Prairies,Dealer-Owned,2024-08-08
56,Store 0056,Kingston,ON,Central,Dealer-Owned,2017-03-07
57,Store 0057,Montreal,QC,East,Corporate,2002-11-19
58,Store 0058,Gatineau,QC,East,Dealer-Owned,2001-09-16
59,Store 0059,Red Deer,AB,West,Dealer-Owned,2001-12-01
60,Store 0060,Brandon,MB,Prairies,Dealer-Owned,2024-01-18
61,Store 0061,Burnaby,BC,West,Dealer-Owned,2010-11-07
62,Store 0062,Gatineau,QC,East,Dealer-Owned,2008-12-08
63,Store 0063,Brandon,MB,Prairies,Dealer-Owned,2024-04-11
64,Store 0064,Gatineau,QC,East,Dealer-Owned,2012-12-24
65,Store 0065,Hamilton,ON,Central,Dealer-Owned,2000-12-05
66,Store 0066,Laval,QC,East,Dealer-Owned,2021-04-19
67,Store 0067,London,ON,Central,Dealer-Owned,2005-04-09
68,Store 0068,Montreal,QC,East,Dealer-Owned,2011-07-25
69,Store 0069,Gatineau,QC,East,Dealer-Owned,2004-04-05
70,Store 0070,Montreal,QC,East,Corporate,2023-09-23
71,Store 0071,Ottawa,ON,Central,Dealer-Owned,2018-05-27
72,Store 0072,London,ON,Central,Dealer-Owned,2004-05-30
73,Store 0073,Gatineau,QC,East,Dealer-Owned,2023-10-23
74,Store 0074,Victoria,BC,West,Corporate,2009-02-10
75,Store 0075,Richmond,BC,West,Dealer-Owned,2017-06-16
76,Store 0076,Sherbrooke,QC,East,Dealer-Owned,2017-03-11
77,Store 0077,Toronto,ON,Central,Dealer-Owned,2006-12-05
78,Store 0078,Barrie,ON,Central,Dealer-Owned,2019-09-24
79,Store 0079,Edmonton,AB,West,Dealer-Owned,2016-03-12
80,Store 0080,Toronto,ON,Central,Dealer-Owned,2017-02-06
81,Store 0081,Kingston,ON,Central,Dealer-Owned,2013-12-13
82,Store 0082,Quebec City,QC,East,Dealer-Owned,2000-10-19
83,Store 0083,Sydney,NS,Atlantic,Dealer-Owned,2020-03-22
84,Store 0084,Montreal,QC,East,Dealer-Owned,2011-03-27
85,Store 0085,Laval,QC,East,Corporate,2004-10-01
86,Store 0086,Montreal,QC,East,Dealer-Owned,2007-11-08
87,Store 0087,Moncton,NB,Atlantic,Dealer-Owned,2020-05-20
88,Store 0088,Brandon,MB,Prairies,Dealer-Owned,2020-10-01
89,Store 0089,Sherbrooke,QC,East,Dealer-Owned,2016-07-18
90,Store 0090,Hamilton,ON,Central,Dealer-Owned,2011-03-19
91,Store 0091,Corner Brook,NL,Atlantic,Dealer-Owned,2003-03-07
92,Store 0092,Ottawa,ON,Central,Dealer-Owned,2003-12-13
93,Store 0093,Hamilton,ON,Central,Corporate,2017-02-27
94,Store 0094,Laval,QC,East,Dealer-Owned,2016-02-07
95,Store 0095,Winnipeg,MB,Prairies,Corporate,2012-05-26
96,Store 0096,London,ON,Central,Dealer-Owned,2021-11-10
97,Store 0097,Saskatoon,SK,Prairies,Dealer-Owned,2022-07-11
98,Store 0098,Halifax,NS,Atlantic,Corporate,2019-08-29
99,Store 0099,Kitchener,ON,Central,Dealer-Owned,2015-06-25
100,Store 0100,Saint John,NB,Atlantic,Dealer-Owned,2015-11-21
101,Store 0101,Quebec City,QC,East,Dealer-Owned,2021-03-22
102,Store 0102,Kingston,ON,Central,Dealer-Owned,2003-01-23
103,Store 0103,Gatineau,QC,East,Dealer-Owned,2014-02-07
104,Store 0104,Hamilton,ON,Central,Dealer-Owned,2003-03-12
105,Store 0105,Lethbridge,AB,West,Dealer-Owned,2010-12-05
106,Store 0106,Ottawa,ON,Central,Dealer-Owned,2015-10-10
107,Store 0107,Brandon,MB,Prairies,Corporate,2015-06-26
108,Store 0108,London,ON,Central,Dealer-Owned,2004-12-20
109,Store 0109,Kelowna,BC,West,Dealer-Owned,2021-07-26
110,Store 0110,Vancouver,BC,West,Dealer-Owned,2010-11-13
111,Store 0111,Hamilton,ON,Central,Dealer-Owned,2023-09-28
112,Store 0112,Sherbrooke,QC,East,Dealer-Owned,2001-08-02
113,Store 0113,Moncton,NB,Atlantic,Dealer-Owned,2001-05-08
114,Store 0114,Fredericton,NB,Atlantic,Dealer-Owned,2008-09-06
115,Store 0115,Vancouver,BC,West,Dealer-Owned,2006-07-12
116,Store 0116,Lethbridge,AB,West,Dealer-Owned,2018-12-18
117,Store 0117,Saskatoon,SK,Prairies,Corporate,2018-07-14
118,Store 0118,Gatineau,QC,East,Dealer-Owned,2019-12-12
119,Store 0119,Lethbridge,AB,West,Dealer-Owned,2020-03-23
120,Store 0120,Hamilton,ON,Central,Dealer-Owned,2022-01-11
121,Store 0121,Laval,QC,East,Dealer-Owned,2010-11-03
122,Store 0122,Saskatoon,SK,Prairies,Dealer-Owned,2023-06-20
123,Store 0123,Brandon,MB,Prairies,Dealer-Owned,2009-05-23
124,Store 0124,Quebec City,QC,East,Dealer-Owned,2021-03-06
125,Store 0125,Calgary,AB,West,Dealer-Owned,2003-09-21
126,Store 0126,Lethbridge,AB,West,Corporate,2017-05-04
127,Store 0127,Regina,SK,Prairies,Dealer-Owned,2010-08-16
128,Store 0128,Kingston,ON,Central,Dealer-Owned,2006-08-01
129,Store 0129,Sherbrooke,QC,East,Dealer-Owned,2017-05-24
130,Store 0130,Montreal,QC,East,Corporate,2007-03-10
131,Store 0131,Brandon,MB,Prairies,Dealer-Owned,2015-06-02
132,Store 0132,Quebec City,QC,East,Dealer-Owned,2006-10-19
133,Store 0133,Toronto,ON,Central,Corporate,2012-02-13
134,Store 0134,Kitchener,ON,Central,Dealer-Owned,2024-11-03
135,Store 0135,Gatineau,QC,East,Dealer-Owned,2013-03-11
136,Store 0136,St. Johns,NL,Atlantic,Dealer-Owned,2003-03-02
137,Store 0137,Saskatoon,SK,Prairies,Dealer-Owned,2017-05-01
138,Store 0138,Ottawa,ON,Central,Dealer-Owned,2014-06-01
139,Store 0139,London,ON,Central,Corporate,2020-06-16
140,Store 0140,Halifax,NS,Atlantic,Dealer-Owned,2003-02-06
141,Store 0141,Barrie,ON,Central,Dealer-Owned,2019-12-14
142,Store 0142,Kelowna,BC,West,Dealer-Owned,2016-12-16
143,Store 0143,Toronto,ON,Central,Dealer-Owned,2009-11-23
144,Store 0144,Kitchener,ON,Central,Dealer-Owned,2018-11-26
145,Store 0145,Edmonton,AB,West,Dealer-Owned,2010-05-05
146,Store 0146,Red Deer,AB,West,Dealer-Owned,2011-10-27
147,Store 0147,Lethbridge,AB,West,Dealer-Owned,2000-08-15
148,Store 0148,Laval,QC,East,Corporate,2009-12-21
149,Store 0149,Calgary,AB,West,Corporate,2012-11-20
150,Store 0150,Halifax,NS,Atlantic,Dealer-Owned,2021-02-26
151,Store 0151,Surrey,BC,West,Dealer-Owned,2012-10-16
152,Store 0152,Laval,QC,East,Dealer-Owned,2001-07-12
153,Store 0153,Richmond,BC,West,Dealer-Owned,2019-10-16
154,Store 0154,Ottawa,ON,Central,Dealer-Owned,2001-08-02
155,Store 0155,Gatineau,QC,East,Dealer-Owned,2021-10-04
156,Store 0156,Barrie,ON,Central,Dealer-Owned,2022-03-04
157,Store 0157,Saint John,NB,Atlantic,Dealer-Owned,2005-09-16
158,Store 0158,Calgary,AB,West,Dealer-Owned,2021-10-04
159,Store 0159,Kitchener,ON,Central,Dealer-Owned,2010-04-23
160,Store 0160,Kitchener,ON,Central,Dealer-Owned,2012-04-14
161,Store 0161,Victoria,BC,West,Dealer-Owned,2014-07-04
162,Store 0162,Vancouver,BC,West,Dealer-Owned,2010-08-09
163,Store 0163,Lethbridge,AB,West,Dealer-Owned,2011-01-23
164,Store 0164,Laval,QC,East,Dealer-Owned,2015-08-23
165,Store 0165,Montreal,QC,East,Corporate,2022-11-02
166,Store 0166,Kingston,ON,Central,Dealer-Owned,2011-08-10
167,Store 0167,Barrie,ON,Central,Dealer-Owned,2004-10-17
168,Store 0168,Victoria,BC,West,Dealer-Owned,2018-03-02
169,Store 0169,Hamilton,ON,Central,Corporate,2011-09-11
170,Store 0170,Ottawa,ON,Central,Dealer-Owned,2022-06-02
171,Store 0171,Saskatoon,SK,Prairies,Dealer-Owned,2011-06-05
172,Store 0172,Toronto,ON,Central,Dealer-Owned,2005-11-10
173,Store 0173,Laval,QC,East,Corporate,2014-10-12
174,Store 0174,Barrie,ON,Central,Dealer-Owned,2012-06-23
175,Store 0175,Toronto,ON,Central,Corporate,2020-04-08
176,Store 0176,Hamilton,ON,Central,Dealer-Owned,2022-02-03
177,Store 0177,Burnaby,BC,West,Dealer-Owned,2002-08-09
178,Store 0178,Brandon,MB,Prairies,Dealer-Owned,2003-11-01
179,Store 0179,Winnipeg,MB,Prairies,Dealer-Owned,2008-06-14
180,Store 0180,Ottawa,ON,Central,Corporate,2022-11-27
181,Store 0181,Vancouver,BC,West,Dealer-Owned,2016-11-19
182,Store 0182,Quebec City,QC,East,Dealer-Owned,2003-07-19
183,Store 0183,Red Deer,AB,West,Dealer-Owned,2011-11-22
184,Store 0184,Burnaby,BC,West,Dealer-Owned,2005-03-31
185,Store 0185,Brandon,MB,Prairies,Dealer-Owned,2022-02-01
186,Store 0186,Sherbrooke,QC,East,Dealer-Owned,2007-04-24
187,Store 0187,Saskatoon,SK,Prairies,Dealer-Owned,2020-10-26
188,Store 0188,Halifax,NS,Atlantic,Dealer-Owned,2008-07-12
189,Store 0189,Sherbrooke,QC,East,Dealer-Owned,2013-08-19
190,Store 0190,Lethbridge,AB,West,Corporate,2016-12-17
191,Store 0191,Corner Brook,NL,Atlantic,Dealer-Owned,2015-03-21
192,Store 0192,Edmonton,AB,West,Dealer-Owned,2011-09-24
193,Store 0193,Lethbridge,AB,West,Corporate,2015-05-29
194,Store 0194,Laval,QC,East,Dealer-Owned,2020-04-20
195,Store 0195,Montreal,QC,East,Dealer-Owned,2023-06-28
196,Store 0196,Calgary,AB,West,Dealer-Owned,2006-07-13
197,Store 0197,Edmonton,AB,West,Dealer-Owned,2009-07-29
198,Store 0198,Montreal,QC,East,Dealer-Owned,2018-02-22
199,Store 0199,Montreal,QC,East,Dealer-Owned,2007-12-25
200,Store 0200,Kelowna,BC,West,Corporate,2008-03-29
201,Store 0201,Kingston,ON,Central,Corporate,2007-01-11
202,Store 0202,Montreal,QC,East,Corporate,2015-03-11
203,Store 0203,Edmonton,AB,West,Dealer-Owned,2021-11-22
204,Store 0204,Quebec City,QC,East,Dealer-Owned,2003-06-27
205,Store 0205,Red Deer,AB,West,Dealer-Owned,2024-10-17
206,Store 0206,Ottawa,ON,Central,Dealer-Owned,2002-12-16
207,Store 0207,Montreal,QC,East,Dealer-Owned,2023-04-14
208,Store 0208,Ottawa,ON,Central,Dealer-Owned,2020-09-25
209,Store 0209,Hamilton,ON,Central,Dealer-Owned,2000-02-05
210,Store 0210,Ottawa,ON,Central,Dealer-Owned,2019-12-22
211,Store 0211,Victoria,BC,West,Dealer-Owned,2000-03-26
212,Store 0212,Burnaby,BC,West,Dealer-Owned,2003-07-23
213,Store 0213,Brandon,MB,Prairies,Dealer-Owned,2008-03-26
214,Store 0214,Laval,QC,East,Dealer-Owned,2022-03-07
215,Store 0215,Ottawa,ON,Central,Corporate,2003-04-14
216,Store 0216,Gatineau,QC,East,Corporate,2014-10-19
217,Store 0217,London,ON,Central,Dealer-Owned,2000-10-29
218,Store 0218,Halifax,NS,Atlantic,Dealer-Owned,2013-04-08
219,Store 0219,London,ON,Central,Dealer-Owned,2005-10-10
220,Store 0220,Winnipeg,MB,Prairies,Dealer-Owned,2007-11-14
221,Store 0221,Laval,QC,East,Dealer-Owned,2008-03-12
222,Store 0222,Windsor,ON,Central,Dealer-Owned,2010-06-07
223,Store 0223,Regina,SK,Prairies,Corporate,2022-02-02
224,Store 0224,Vancouver,BC,West,Dealer-Owned,2008-04-20
225,Store 0225,Surrey,BC,West,Dealer-Owned,2016-01-01
226,Store 0226,London,ON,Central,Dealer-Owned,2006-01-09
227,Store 0227,Toronto,ON,Central,Dealer-Owned,2018-03-14
228,Store 0228,Lethbridge,AB,West,Dealer-Owned,2006-12-04
229,Store 0229,Edmonton,AB,West,Dealer-Owned,2019-12-05
230,Store 0230,Windsor,ON,Central,Corporate,2021-08-17
231,Store 0231,London,ON,Central,Dealer-Owned,2024-06-16
232,Store 0232,Hamilton,ON,Central,Dealer-Owned,2014-06-14
233,Store 0233,Montreal,QC,East,Dealer-Owned,2005-06-08
234,Store 0234,Saint John,NB,Atlantic,Dealer-Owned,2011-12-20
235,Store 0235,Ottawa,ON,Central,Corporate,2011-02-12
236,Store 0236,Vancouver,BC,West,Dealer-Owned,2008-09-20
237,Store 0237,Charlottetown,PE,Atlantic,Dealer-Owned,2011-08-15
238,Store 0238,Kitchener,ON,Central,Dealer-Owned,2012-02-12
239,Store 0239,Saskatoon,SK,Prairies,Dealer-Owned,2007-02-06
240,Store 0240,Calgary,AB,West,Dealer-Owned,2012-08-17
241,Store 0241,Lethbridge,AB,West,Dealer-Owned,2021-09-17
242,Store 0242,Richmond,BC,West,Dealer-Owned,2023-05-06
243,Store 0243,Saskatoon,SK,Prairies,Dealer-Owned,2005-06-22
244,Store 0244,Barrie,ON,Central,Dealer-Owned,2017-01-16
245,Store 0245,Kitchener,ON,Central,Dealer-Owned,2006-01-05
246,Store 0246,Lethbridge,AB,West,Corporate,2007-02-13
247,Store 0247,Montreal,QC,East,Dealer-Owned,2005-09-05
248,Store 0248,Calgary,AB,West,Dealer-Owned,2005-07-02
249,Store 0249,Winnipeg,MB,Prairies,Dealer-Owned,2001-02-04
250,Store 0250,Hamilton,ON,Central,Dealer-Owned,2016-06-11
251,Store 0251,Winnipeg,MB,Prairies,Dealer-Owned,2000-11-17
252,Store 0252,London,ON,Central,Dealer-Owned,2023-09-12
253,Store 0253,Barrie,ON,Central,Dealer-Owned,2013-12-10
254,Store 0254,Red Deer,AB,West,Dealer-Owned,2006-04-21
255,Store 0255,Toronto,ON,Central,Dealer-Owned,2001-09-17
256,Store 0256,Sydney,NS,Atlantic,Dealer-Owned,2000-08-15
257,Store 0257,Barrie,ON,Central,Dealer-Owned,2018-07-03
258,Store 0258,Charlottetown,PE,Atlantic,Dealer-Owned,2006-10-19
259,Store 0259,Fredericton,NB,Atlantic,Dealer-Owned,2009-04-12
260,Store 0260,Toronto,ON,Central,Dealer-Owned,2014-11-17
261,Store 0261,London,ON,Central,Corporate,2000-05-27
262,Store 0262,Windsor,ON,Central,Dealer-Owned,2012-06-26
263,Store 0263,Ottawa,ON,Central,Dealer-Owned,2007-01-06
264,Store 0264,Halifax,NS,Atlantic,Dealer-Owned,2012-08-13
265,Store 0265,Calgary,AB,West,Dealer-Owned,2000-07-01
266,Store 0266,Kingston,ON,Central,Dealer-Owned,2016-09-18
267,Store 0267,Hamilton,ON,Central,Dealer-Owned,2013-02-03
268,Store 0268,Lethbridge,AB,West,Dealer-Owned,2014-07-21
269,Store 0269,Sherbrooke,QC,East,Dealer-Owned,2019-05-30
270,Store 0270,Hamilton,ON,Central,Corporate,2010-03-25
271,Store 0271,Saint John,NB,Atlantic,Dealer-Owned,2013-07-21
272,Store 0272,Calgary,AB,West,Dealer-Owned,2023-08-20
273,Store 0273,Gatineau,QC,East,Dealer-Owned,2000-04-13
274,Store 0274,Vancouver,BC,West,Dealer-Owned,2011-03-15
275,Store 0275,Montreal,QC,East,Dealer-Owned,2007-01-03
276,Store 0276,Kelowna,BC,West,Dealer-Owned,2008-07-05
277,Store 0277,Quebec City,QC,East,Dealer-Owned,2001-08-08
278,Store 0278,Gatineau,QC,East,Dealer-Owned,2010-01-28
279,Store 0279,St. Johns,NL,Atlantic,Dealer-Owned,2020-12-02
280,Store 0280,Corner Brook,NL,Atlantic,Dealer-Owned,2019-01-08
281,Store 0281,Regina,SK,Prairies,Dealer-Owned,2009-04-14
282,Store 0282,Ottawa,ON,Central,Dealer-Owned,2012-11-12
283,Store 0283,Lethbridge,AB,West,Dealer-Owned,2006-11-22
284,Store 0284,Lethbridge,AB,West,Dealer-Owned,2017-08-30
285,Store 0285,Gatineau,QC,East,Dealer-Owned,2015-09-21
286,Store 0286,Brandon,MB,Prairies,Dealer-Owned,2018-05-01
287,Store 0287,Windsor,ON,Central,Dealer-Owned,2019-08-19
288,Store 0288,London,ON,Central,Dealer-Owned,2011-09-24
289,Store 0289,Windsor,ON,Central,Dealer-Owned,2007-09-05
290,Store 0290,Sherbrooke,QC,East,Dealer-Owned,2016-09-26
291,Store 0291,Winnipeg,MB,Prairies,Dealer-Owned,2019-09-30
292,Store 0292,Kingston,ON,Central,Dealer-Owned,2024-05-13
293,Store 0293,Hamilton,ON,Central,Dealer-Owned,2009-10-12
294,Store 0294,Halifax,NS,Atlantic,Dealer-Owned,2023-01-16
295,Store 0295,Kingston,ON,Central,Corporate,2001-05-10
296,Store 0296,Lethbridge,AB,West,Dealer-Owned,2004-01-10
297,Store 0297,Surrey,BC,West,Dealer-Owned,2015-03-14
298,Store 0298,Toronto,ON,Central,Dealer-Owned,2006-10-21
299,Store 0299,Saskatoon,SK,Prairies,Dealer-Owned,2017-06-29
300,Store 0300,Quebec City,QC,East,Dealer-Owned,2006-04-04
301,Store 0301,Halifax,NS,Atlantic,Dealer-Owned,2002-04-11
302,Store 0302,Windsor,ON,Central,Dealer-Owned,2020-09-04
303,Store 0303,Toronto,ON,Central,Dealer-Owned,2014-01-14
304,Store 0304,Kelowna,BC,West,Dealer-Owned,2006-12-18
305,Store 0305,Windsor,ON,Central,Dealer-Owned,2001-11-27
306,Store 0306,Vancouver,BC,West,Dealer-Owned,2016-09-16
307,Store 0307,Burnaby,BC,West,Dealer-Owned,2004-03-03
308,Store 0308,Barrie,ON,Central,Dealer-Owned,2018-05-05
309,Store 0309,Moncton,NB,Atlantic,Corporate,2009-12-31
310,Store 0310,Brandon,MB,Prairies,Dealer-Owned,2024-06-12
311,Store 0311,Calgary,AB,West,Dealer-Owned,2001-09-25
312,Store 0312,Hamilton,ON,Central,Dealer-Owned,2008-10-19
313,Store 0313,Hamilton,ON,Central,Dealer-Owned,2018-10-12
314,Store 0314,Sherbrooke,QC,East,Dealer-Owned,2005-02-03
315,Store 0315,Saskatoon,SK,Prairies,Corporate,2002-04-02
316,Store 0316,Kingston,ON,Central,Dealer-Owned,2005-09-20
317,Store 0317,Toronto,ON,Central,Dealer-Owned,2007-01-05
318,Store 0318,Sydney,NS,Atlantic,Dealer-Owned,2005-05-23
319,Store 0319,Fredericton,NB,Atlantic,Dealer-Owned,2018-02-25
320,Store 0320,Windsor,ON,Central,Dealer-Owned,2001-06-12
321,Store 0321,Edmonton,AB,West,Dealer-Owned,2002-12-05
322,Store 0322,Regina,SK,Prairies,Corporate,2024-05-07
323,Store 0323,Kingston,ON,Central,Dealer-Owned,2001-04-28
324,Store 0324,Windsor,ON,Central,Dealer-Owned,2001-06-28
325,Store 0325,Red Deer,AB,West,Corporate,2006-07-15
326,Store 0326,Red Deer,AB,West,Dealer-Owned,2015-09-12
327,Store 0327,Kitchener,ON,Central,Dealer-Owned,2012-04-01
328,Store 0328,Quebec City,QC,East,Dealer-Owned,2012-01-03
329,Store 0329,Corner Brook,NL,Atlantic,Corporate,2013-07-02
330,Store 0330,Hamilton,ON,Central,Dealer-Owned,2019-11-20
331,Store 0331,Regina,SK,Prairies,Dealer-Owned,2005-08-26
332,Store 0332,Red Deer,AB,West,Dealer-Owned,2015-06-30
333,Store 0333,Burnaby,BC,West,Dealer-Owned,2000-12-11
334,Store 0334,Hamilton,ON,Central,Dealer-Owned,2021-10-01
335,Store 0335,Winnipeg,MB,Prairies,Dealer-Owned,2012-06-03
336,Store 0336,Sherbrooke,QC,East,Dealer-Owned,2010-12-13
337,Store 0337,Burnaby,BC,West,Dealer-Owned,2024-02-22
338,Store 0338,Hamilton,ON,Central,Corporate,2021-11-02
339,Store 0339,Hamilton,ON,Central,Dealer-Owned,2012-04-06
340,Store 0340,Gatineau,QC,East,Dealer-Owned,2024-08-31
341,Store 0341,Gatineau,QC,East,Dealer-Owned,2005-06-25
342,Store 0342,Montreal,QC,East,Dealer-Owned,2005-06-26
343,Store 0343,Red Deer,AB,West,Dealer-Owned,2002-09-15
344,Store 0344,Barrie,ON,Central,Dealer-Owned,2000-10-19
345,Store 0345,Quebec City,QC,East,Corporate,2008-05-20
346,Store 0346,Windsor,ON,Central,Dealer-Owned,2019-01-22
347,Store 0347,Toronto,ON,Central,Dealer-Owned,2022-08-25
348,Store 0348,Saskatoon,SK,Prairies,Dealer-Owned,2023-01-06
349,Store 0349,Gatineau,QC,East,Dealer-Owned,2003-06-26
350,Store 0350,Halifax,NS,Atlantic,Dealer-Owned,2014-05-27
351,Store 0351,Hamilton,ON,Central,Dealer-Owned,2020-04-21
352,Store 0352,Gatineau,QC,East,Dealer-Owned,2003-03-15
353,Store 0353,Red Deer,AB,West,Dealer-Owned,2010-04-05
354,Store 0354,Victoria,BC,West,Dealer-Owned,2021-05-07
355,Store 0355,Saskatoon,SK,Prairies,Corporate,2010-02-15
356,Store 0356,London,ON,Central,Dealer-Owned,2013-12-16
357,Store 0357,Toronto,ON,Central,Dealer-Owned,2020-07-18
358,Store 0358,Barrie,ON,Central,Corporate,2010-12-23
359,Store 0359,Barrie,ON,Central,Corporate,2010-09-18
360,Store 0360,Laval,QC,East,Dealer-Owned,2003-03-11
361,Store 0361,Kelowna,BC,West,Dealer-Owned,2024-06-08
362,Store 0362,Windsor,ON,Central,Corporate,2019-11-17
363,Store 0363,Ottawa,ON,Central,Dealer-Owned,2001-03-14
364,Store 0364,Gatineau,QC,East,Dealer-Owned,2001-09-28
365,Store 0365,Lethbridge,AB,West,Dealer-Owned,2015-04-09
366,Store 0366,Toronto,ON,Central,Dealer-Owned,2002-02-22
367,Store 0367,Saskatoon,SK,Prairies,Dealer-Owned,2011-07-21
368,Store 0368,Laval,QC,East,Corporate,2017-08-31
369,Store 0369,Brandon,MB,Prairies,Dealer-Owned,2013-11-12
370,Store 0370,Laval,QC,East,Dealer-Owned,2010-07-17
371,Store 0371,St. Johns,NL,Atlantic,Dealer-Owned,2000-03-04
372,Store 0372,Regina,SK,Prairies,Dealer-Owned,2024-12-09
373,Store 0373,Sherbrooke,QC,East,Dealer-Owned,2023-08-28
374,Store 0374,Kitchener,ON,Central,Dealer-Owned,2005-04-08
375,Store 0375,Corner Brook,NL,Atlantic,Dealer-Owned,2021-04-07
376,Store 0376,Charlottetown,PE,Atlantic,Dealer-Owned,2008-09-09
377,Store 0377,Windsor,ON,Central,Dealer-Owned,2021-03-22
378,Store 0378,Calgary,AB,West,Corporate,2001-05-13
379,Store 0379,London,ON,Central,Dealer-Owned,2011-01-04
380,Store 0380,Ottawa,ON,Central,Dealer-Owned,2007-04-09
381,Store 0381,Barrie,ON,Central,Dealer-Owned,2024-04-21
382,Store 0382,Richmond,BC,West,Dealer-Owned,2021-08-23
383,Store 0383,Hamilton,ON,Central,Dealer-Owned,2008-01-29
384,Store 0384,Vancouver,BC,West,Dealer-Owned,2015-09-18
385,Store 0385,Winnipeg,MB,Prairies,Dealer-Owned,2022-04-09
386,Store 0386,Gatineau,QC,East,Dealer-Owned,2007-03-27
387,Store 0387,Quebec City,QC,East,Dealer-Owned,2023-10-30
388,Store 0388,Toronto,ON,Central,Corporate,2023-01-25
389,Store 0389,Gatineau,QC,East,Dealer-Owned,2000-05-22
390,Store 0390,Surrey,BC,West,Dealer-Owned,2014-08-30
391,Store 0391,Ottawa,ON,Central,Dealer-Owned,2006-03-09
392,Store 0392,Victoria,BC,West,Dealer-Owned,2021-12-05
393,Store 0393,Calgary,AB,West,Dealer-Owned,2002-02-27
394,Store 0394,Hamilton,ON,Central,Dealer-Owned,2022-01-20
395,Store 0395,Ottawa,ON,Central,Dealer-Owned,2008-01-12
396,Store 0396,Calgary,AB,West,Dealer-Owned,2007-10-24
397,Store 0397,Gatineau,QC,East,Dealer-Owned,2021-01-23
398,Store 0398,Victoria,BC,West,Dealer-Owned,2008-01-27
399,Store 0399,Winnipeg,MB,Prairies,Dealer-Owned,2007-01-17
400,Store 0400,London,ON,Central,Dealer-Owned,2013-11-09
401,Store 0401,Montreal,QC,East,Dealer-Owned,2017-07-19
402,Store 0402,Vancouver,BC,West,Dealer-Owned,2010-12-19
403,Store 0403,Montreal,QC,East,Dealer-Owned,2023-07-25
404,Store 0404,Barrie,ON,Central,Dealer-Owned,2021-09-15
405,Store 0405,Windsor,ON,Central,Dealer-Owned,2013-10-15
406,Store 0406,London,ON,Central,Dealer-Owned,2014-06-16
407,Store 0407,Hamilton,ON,Central,Dealer-Owned,2012-04-16
408,Store 0408,Brandon,MB,Prairies,Dealer-Owned,2000-05-27
409,Store 0409,Windsor,ON,Central,Dealer-Owned,2005-11-06
410,Store 0410,Toronto,ON,Central,Dealer-Owned,2019-08-19
411,Store 0411,Surrey,BC,West,Corporate,2013-05-24
412,Store 0412,Charlottetown,PE,Atlantic,Corporate,2007-04-25
413,Store 0413,Sherbrooke,QC,East,Corporate,2008-04-23
414,Store 0414,Hamilton,ON,Central,Dealer-Owned,2023-02-25
415,Store 0415,Kingston,ON,Central,Dealer-Owned,2007-12-04
416,Store 0416,Halifax,NS,Atlantic,Dealer-Owned,2012-08-10
417,Store 0417,Ottawa,ON,Central,Dealer-Owned,2005-04-28
418,Store 0418,Laval,QC,East,Dealer-Owned,2019-02-15
419,Store 0419,Regina,SK,Prairies,Dealer-Owned,2009-08-25
420,Store 0420,Regina,SK,Prairies,Corporate,2020-01-20
421,Store 0421,Montreal,QC,East,Dealer-Owned,2004-02-03
422,Store 0422,Red Deer,AB,West,Dealer-Owned,2023-10-17
423,Store 0423,Regina,SK,Prairies,Dealer-Owned,2015-10-29
424,Store 0424,Kitchener,ON,Central,Dealer-Owned,2018-10-03
425,Store 0425,Windsor,ON,Central,Dealer-Owned,2020-09-23
426,Store 0426,Kelowna,BC,West,Dealer-Owned,2015-12-22
427,Store 0427,Kitchener,ON,Central,Dealer-Owned,2024-10-03
428,Store 0428,Hamilton,ON,Central,Dealer-Owned,2001-02-14
429,Store 0429,Calgary,AB,West,Dealer-Owned,2022-12-21
430,Store 0430,Victoria,BC,West,Corporate,2002-04-01
431,Store 0431,Brandon,MB,Prairies,Dealer-Owned,2015-05-11
432,Store 0432,Ottawa,ON,Central,Dealer-Owned,2009-10-14
433,Store 0433,Brandon,MB,Prairies,Dealer-Owned,2018-08-24
434,Store 0434,Victoria,BC,West,Dealer-Owned,2006-08-06
435,Store 0435,Windsor,ON,Central,Dealer-Owned,2012-10-17
436,Store 0436,Ottawa,ON,Central,Dealer-Owned,2012-03-26
437,Store 0437,Gatineau,QC,East,Dealer-Owned,2016-05-30
438,Store 0438,Calgary,AB,West,Corporate,2024-09-04
439,Store 0439,Montreal,QC,East,Dealer-Owned,2018-11-20
440,Store 0440,Burnaby,BC,West,Dealer-Owned,2014-07-01
441,Store 0441,Lethbridge,AB,West,Dealer-Owned,2002-02-19
442,Store 0442,Barrie,ON,Central,Corporate,2012-02-13
443,Store 0443,Gatineau,QC,East,Dealer-Owned,2002-07-24
444,Store 0444,Sherbrooke,QC,East,Dealer-Owned,2022-10-28
445,Store 0445,Burnaby,BC,West,Corporate,2024-11-14
446,Store 0446,Kitchener,ON,Central,Dealer-Owned,2020-04-17
447,Store 0447,Laval,QC,East,Corporate,2003-07-29
448,Store 0448,Calgary,AB,West,Dealer-Owned,2008-08-11
449,Store 0449,Halifax,NS,Atlantic,Dealer-Owned,2007-12-05
450,Store 0450,Montreal,QC,East,Dealer-Owned,2014-12-10
451,Store 0451,Corner Brook,NL,Atlantic,Dealer-Owned,2022-04-21
452,Store 0452,Gatineau,QC,East,Dealer-Owned,2017-12-30
453,Store 0453,Montreal,QC,East,Dealer-Owned,2003-07-19
454,Store 0454,Barrie,ON,Central,Dealer-Owned,2024-11-02
455,Store 0455,Sherbrooke,QC,East,Dealer-Owned,2008-11-24
456,Store 0456,Regina,SK,Prairies,Dealer-Owned,2020-12-12
457,Store 0457,Saskatoon,SK,Prairies,Dealer-Owned,2000-12-11
458,Store 0458,Laval,QC,East,Dealer-Owned,2020-06-04
459,Store 0459,Montreal,QC,East,Dealer-Owned,2014-12-24
460,Store 0460,Victoria,BC,West,Corporate,2024-07-03
461,Store 0461,Brandon,MB,Prairies,Dealer-Owned,2005-11-02
462,Store 0462,Kitchener,ON,Central,Dealer-Owned,2011-05-28
463,Store 0463,Barrie,ON,Central,Dealer-Owned,2004-12-21
464,Store 0464,Regina,SK,Prairies,Dealer-Owned,2008-08-17
465,Store 0465,Quebec City,QC,East,Dealer-Owned,2017-08-29
466,Store 0466,Montreal,QC,East,Dealer-Owned,2024-02-13
467,Store 0467,Windsor,ON,Central,Corporate,2001-01-11
468,Store 0468,Halifax,NS,Atlantic,Dealer-Owned,2009-05-05
469,Store 0469,Sherbrooke,QC,East,Corporate,2004-02-18
470,Store 0470,Kingston,ON,Central,Dealer-Owned,2014-07-28
471,Store 0471,Kitchener,ON,Central,Dealer-Owned,2000-11-11
472,Store 0472,Kitchener,ON,Central,Dealer-Owned,2016-10-05
473,Store 0473,Red Deer,AB,West,Dealer-Owned,2021-02-03
474,Store 0474,Kingston,ON,Central,Dealer-Owned,2024-08-26
475,Store 0475,Red Deer,AB,West,Dealer-Owned,2020-10-22
476,Store 0476,Winnipeg,MB,Prairies,Dealer-Owned,2011-09-14
477,Store 0477,Hamilton,ON,Central,Dealer-Owned,2020-03-30
478,Store 0478,London,ON,Central,Dealer-Owned,2019-08-19
479,Store 0479,Kitchener,ON,Central,Dealer-Owned,2010-09-17
480,Store 0480,Ottawa,ON,Central,Dealer-Owned,2023-04-09
481,Store 0481,Barrie,ON,Central,Dealer-Owned,2017-06-24
482,Store 0482,Surrey,BC,West,Dealer-Owned,2017-10-13
483,Store 0483,Barrie,ON,Central,Dealer-Owned,2003-02-28
484,Store 0484,Toronto,ON,Central,Dealer-Owned,2014-04-25
485,Store 0485,Kingston,ON,Central,Dealer-Owned,2013-03-07
486,Store 0486,Vancouver,BC,West,Dealer-Owned,2002-12-03
487,Store 0487,Lethbridge,AB,West,Dealer-Owned,2012-03-20
488,Store 0488,Charlottetown,PE,Atlantic,Corporate,2010-01-08
489,Store 0489,Montreal,QC,East,Dealer-Owned,2021-02-19
490,Store 0490,Brandon,MB,Prairies,Dealer-Owned,2012-11-19
491,Store 0491,Barrie,ON,Central,Dealer-Owned,2016-01-19
492,Store 0492,Regina,SK,Prairies,Dealer-Owned,2006-02-14
493,Store 0493,Windsor,ON,Central,Dealer-Owned,2011-01-13
494,Store 0494,Victoria,BC,West,Dealer-Owned,2021-05-17
495,Store 0495,Laval,QC,East,Dealer-Owned,2005-06-03
496,Store 0496,Hamilton,ON,Central,Dealer-Owned,2009-11-13
497,Store 0497,Windsor,ON,Central,Dealer-Owned,2014-05-07
498,Store 0498,Gatineau,QC,East,Dealer-Owned,2005-12-03
499,Store 0499,London,ON,Central,Dealer-Owned,2014-02-15
500,Store 0500,Richmond,BC,West,Dealer-Owned,2010-09-05
501,Store 0501,Sherbrooke,QC,East,Dealer-Owned,2019-02-20
502,Store 0502,Winnipeg,MB,Prairies,Dealer-Owned,2005-12-05
503,Store 0503,Burnaby,BC,West,Corporate,2006-05-01
504,Store 0504,Ottawa,ON,Central,Dealer-Owned,2003-09-27
505,Store 0505,Richmond,BC,West,Dealer-Owned,2011-08-09
506,Store 0506,Gatineau,QC,East,Dealer-Owned,2021-11-01
507,Store 0507,Charlottetown,PE,Atlantic,Dealer-Owned,2015-03-15
508,Store 0508,Montreal,QC,East,Dealer-Owned,2017-05-13
509,Store 0509,Montreal,QC,East,Dealer-Owned,2004-08-27
510,Store 0510,Edmonton,AB,West,Dealer-Owned,2024-04-07
511,Store 0511,Montreal,QC,East,Dealer-Owned,2001-07-06
512,Store 0512,Brandon,MB,Prairies,Dealer-Owned,2016-06-17
513,Store 0513,Hamilton,ON,Central,Dealer-Owned,2020-04-14
514,Store 0514,Quebec City,QC,East,Dealer-Owned,2014-11-28
515,Store 0515,Quebec City,QC,East,Dealer-Owned,2002-04-02
516,Store 0516,Edmonton,AB,West,Dealer-Owned,2024-06-25
517,Store 0517,Regina,SK,Prairies,Dealer-Owned,2007-12-07
518,Store 0518,Windsor,ON,Central,Dealer-Owned,2000-07-12
519,Store 0519,Gatineau,QC,East,Dealer-Owned,2009-10-18
520,Store 0520,Gatineau,QC,East,Corporate,2015-01-14
521,Store 0521,Edmonton,AB,West,Dealer-Owned,2003-11-13
522,Store 0522,Montreal,QC,East,Dealer-Owned,2014-11-04
523,Store 0523,Fredericton,NB,Atlantic,Corporate,2024-11-16
524,Store 0524,Regina,SK,Prairies,Dealer-Owned,2016-08-27
525,Store 0525,Regina,SK,Prairies,Dealer-Owned,2023-10-17
526,Store 0526,Vancouver,BC,West,Corporate,2017-12-09
527,Store 0527,Laval,QC,East,Dealer-Owned,2012-09-01
528,Store 0528,Quebec City,QC,East,Dealer-Owned,2024-04-27
529,Store 0529,Windsor,ON,Central,Dealer-Owned,2010-04-23
530,Store 0530,Calgary,AB,West,Dealer-Owned,2004-08-17
531,Store 0531,Kelowna,BC,West,Dealer-Owned,2023-01-21
532,Store 0532,Charlottetown,PE,Atlantic,Dealer-Owned,2012-12-29
533,Store 0533,Ottawa,ON,Central,Dealer-Owned,2002-03-10
534,Store 0534,Victoria,BC,West,Dealer-Owned,2013-10-26
535,Store 0535,Laval,QC,East,Dealer-Owned,2022-04-01
536,Store 0536,Ottawa,ON,Central,Dealer-Owned,2017-12-25
537,Store 0537,Toronto,ON,Central,Dealer-Owned,2017-04-03
538,Store 0538,Richmond,BC,West,Corporate,2009-06-11
539,Store 0539,Toronto,ON,Central,Corporate,2013-10-25
540,Store 0540,Moncton,NB,Atlantic,Corporate,2003-06-09
541,Store 0541,Regina,SK,Prairies,Dealer-Owned,2010-02-13
542,Store 0542,Victoria,BC,West,Dealer-Owned,2019-01-19
543,Store 0543,Burnaby,BC,West,Dealer-Owned,2017-12-12
544,Store 0544,London,ON,Central,Dealer-Owned,2006-11-19
545,Store 0545,Sherbrooke,QC,East,Dealer-Owned,2005-08-10
546,Store 0546,Ottawa,ON,Central,Dealer-Owned,2006-02-22
547,Store 0547,Kingston,ON,Central,Dealer-Owned,2011-02-07
548,Store 0548,Windsor,ON,Central,Dealer-Owned,2014-06-08
549,Store 0549,Sydney,NS,Atlantic,Dealer-Owned,2011-03-04
550,Store 0550,Red Deer,AB,West,Dealer-Owned,2008-04-16
551,Store 0551,Corner Brook,NL,Atlantic,Dealer-Owned,2011-12-13
552,Store 0552,Edmonton,AB,West,Dealer-Owned,2013-08-18
553,Store 0553,Quebec City,QC,East,Corporate,2022-08-16
554,Store 0554,Corner Brook,NL,Atlantic,Dealer-Owned,2010-10-29
555,Store 0555,Toronto,ON,Central,Corporate,2001-09-15
556,Store 0556,Sherbrooke,QC,East,Dealer-Owned,2014-01-07
557,Store 0557,Montreal,QC,East,Dealer-Owned,2022-09-23
558,Store 0558,Hamilton,ON,Central,Dealer-Owned,2004-12-05
559,Store 0559,Corner Brook,NL,Atlantic,Dealer-Owned,2003-09-28
560,Store 0560,Richmond,BC,West,Dealer-Owned,2016-06-30
561,Store 0561,Burnaby,BC,West,Dealer-Owned,2017-01-17
562,Store 0562,Hamilton,ON,Central,Dealer-Owned,2002-07-20
563,Store 0563,Brandon,MB,Prairies,Dealer-Owned,2005-12-25
564,Store 0564,Brandon,MB,Prairies,Dealer-Owned,2006-01-18
565,Store 0565,Montreal,QC,East,Dealer-Owned,2022-01-03
566,Store 0566,Laval,QC,East,Dealer-Owned,2022-10-19
567,Store 0567,Barrie,ON,Central,Dealer-Owned,2015-09-02
568,Store 0568,Victoria,BC,West,Dealer-Owned,2005-03-05
569,Store 0569,Sydney,NS,Atlantic,Dealer-Owned,2004-04-22
570,Store 0570,Kingston,ON,Central,Corporate,2003-02-21
571,Store 0571,Vancouver,BC,West,Dealer-Owned,2016-01-30
572,Store 0572,Kingston,ON,Central,Dealer-Owned,2019-01-10
573,Store 0573,Kingston,ON,Central,Corporate,2024-04-14
574,Store 0574,Quebec City,QC,East,Dealer-Owned,2008-01-10
575,Store 0575,Vancouver,BC,West,Dealer-Owned,2020-04-27
576,Store 0576,Regina,SK,Prairies,Dealer-Owned,2007-09-08
577,Store 0577,Fredericton,NB,Atlantic,Dealer-Owned,2015-07-07
578,Store 0578,Brandon,MB,Prairies,Dealer-Owned,2009-08-03
579,Store 0579,Quebec City,QC,East,Dealer-Owned,2005-10-06
580,Store 0580,Kitchener,ON,Central,Dealer-Owned,2013-11-03
581,Store 0581,Windsor,ON,Central,Dealer-Owned,2023-02-11
582,Store 0582,Montreal,QC,East,Dealer-Owned,2001-07-16
583,Store 0583,Quebec City,QC,East,Dealer-Owned,2013-12-05
584,Store 0584,Kingston,ON,Central,Dealer-Owned,2004-05-31
585,Store 0585,Sherbrooke,QC,East,Dealer-Owned,2006-01-05
586,Store 0586,Richmond,BC,West,Dealer-Owned,2011-12-23
587,Store 0587,Saint John,NB,Atlantic,Corporate,2023-02-21
588,Store 0588,Fredericton,NB,Atlantic,Dealer-Owned,2004-08-06
589,Store 0589,London,ON,Central,Dealer-Owned,2015-05-08
590,Store 0590,Lethbridge,AB,West,Dealer-Owned,2000-02-29
591,Store 0591,Winnipeg,MB,Prairies,Dealer-Owned,2007-05-10
592,Store 0592,Toronto,ON,Central,Dealer-Owned,2004-12-26
593,Store 0593,Lethbridge,AB,West,Dealer-Owned,2006-06-17
594,Store 0594,London,ON,Central,Dealer-Owned,2021-07-17
595,Store 0595,Winnipeg,MB,Prairies,Dealer-Owned,2008-03-10
596,Store 0596,Edmonton,AB,West,Dealer-Owned,2007-11-14
597,Store 0597,Vancouver,BC,West,Dealer-Owned,2001-08-27
598,Store 0598,Edmonton,AB,West,Dealer-Owned,2010-11-20
599,Store 0599,Moncton,NB,Atlantic,Dealer-Owned,2014-04-15
600,Store 0600,Regina,SK,Prairies,Dealer-Owned,2018-05-01
601,Store 0601,Fredericton,NB,Atlantic,Dealer-Owned,2021-07-16
602,Store 0602,Regina,SK,Prairies,Dealer-Owned,2008-01-27
603,Store 0603,Saskatoon,SK,Prairies,Dealer-Owned,2003-03-17
604,Store 0604,Kingston,ON,Central,Dealer-Owned,2020-09-29
605,Store 0605,Calgary,AB,West,Dealer-Owned,2002-06-22
606,Store 0606,Windsor,ON,Central,Dealer-Owned,2000-04-13
607,Store 0607,Calgary,AB,West,Dealer-Owned,2015-11-03
608,Store 0608,Vancouver,BC,West,Dealer-Owned,2002-03-30
609,Store 0609,Toronto,ON,Central,Dealer-Owned,2000-02-14
610,Store 0610,London,ON,Central,Dealer-Owned,2018-10-12
611,Store 0611,Barrie,ON,Central,Dealer-Owned,2005-05-12
612,Store 0612,Quebec City,QC,East,Dealer-Owned,2006-04-12
613,Store 0613,Kingston,ON,Central,Dealer-Owned,2018-01-25
614,Store 0614,Toronto,ON,Central,Dealer-Owned,2024-02-10
615,Store 0615,Ottawa,ON,Central,Corporate,2015-07-08
616,Store 0616,London,ON,Central,Dealer-Owned,2009-04-17
617,Store 0617,London,ON,Central,Dealer-Owned,2005-11-13
618,Store 0618,Richmond,BC,West,Dealer-Owned,2015-08-30
619,Store 0619,Calgary,AB,West,Corporate,2006-06-02
620,Store 0620,Toronto,ON,Central,Dealer-Owned,2012-10-02
621,Store 0621,Montreal,QC,East,Dealer-Owned,2020-01-30
622,Store 0622,Kelowna,BC,West,Corporate,2007-08-05
623,Store 0623,London,ON,Central,Dealer-Owned,2010-11-17
624,Store 0624,Fredericton,NB,Atlantic,Dealer-Owned,2022-02-02
625,Store 0625,Kelowna,BC,West,Dealer-Owned,2007-03-08
626,Store 0626,Kitchener,ON,Central,Dealer-Owned,2023-02-11
627,Store 0627,Fredericton,NB,Atlantic,Dealer-Owned,2021-11-10
628,Store 0628,Ottawa,ON,Central,Dealer-Owned,2008-01-27
629,Store 0629,Kelowna,BC,West,Dealer-Owned,2015-06-25
630,Store 0630,Regina,SK,Prairies,Dealer-Owned,2000-05-20
631,Store 0631,Regina,SK,Prairies,Dealer-Owned,2010-08-13
632,Store 0632,Montreal,QC,East,Dealer-Owned,2001-03-03
633,Store 0633,Gatineau,QC,East,Dealer-Owned,2009-06-26
634,Store 0634,Kingston,ON,Central,Dealer-Owned,2011-06-10
635,Store 0635,Kitchener,ON,Central,Dealer-Owned,2002-04-26
636,Store 0636,Winnipeg,MB,Prairies,Dealer-Owned,2022-09-13
637,Store 0637,Quebec City,QC,East,Dealer-Owned,2021-03-06
638,Store 0638,Montreal,QC,East,Dealer-Owned,2014-12-08
639,Store 0639,Lethbridge,AB,West,Dealer-Owned,2013-07-10
640,Store 0640,Winnipeg,MB,Prairies,Dealer-Owned,2007-02-06
641,Store 0641,Ottawa,ON,Central,Dealer-Owned,2014-11-13
642,Store 0642,Kelowna,BC,West,Dealer-Owned,2019-08-11
643,Store 0643,Calgary,AB,West,Dealer-Owned,2005-01-23
644,Store 0644,Toronto,ON,Central,Dealer-Owned,2022-03-13
645,Store 0645,Gatineau,QC,East,Dealer-Owned,2003-08-08
646,Store 0646,Vancouver,BC,West,Corporate,2022-08-14
647,Store 0647,Vancouver,BC,West,Corporate,2019-07-03
648,Store 0648,Regina,SK,Prairies,Dealer-Owned,2005-09-07
649,Store 0649,Red Deer,AB,West,Dealer-Owned,2023-02-20
650,Store 0650,Sherbrooke,QC,East,Dealer-Owned,2020-07-30
651,Store 0651,Quebec City,QC,East,Dealer-Owned,2002-11-17
652,Store 0652,Quebec City,QC,East,Dealer-Owned,2011-03-24
653,Store 0653,Kingston,ON,Central,Dealer-Owned,2018-03-14
654,Store 0654,Kitchener,ON,Central,Dealer-Owned,2003-05-22
655,Store 0655,Laval,QC,East,Dealer-Owned,2006-02-24
656,Store 0656,Hamilton,ON,Central,Dealer-Owned,2004-12-31
657,Store 0657,Montreal,QC,East,Dealer-Owned,2003-05-25
658,Store 0658,Burnaby,BC,West,Dealer-Owned,2014-02-16
659,Store 0659,Hamilton,ON,Central,Dealer-Owned,2004-04-14
660,Store 0660,Lethbridge,AB,West,Dealer-Owned,2021-08-29
661,Store 0661,Barrie,ON,Central,Dealer-Owned,2007-06-17
662,Store 0662,Laval,QC,East,Dealer-Owned,2001-05-07
663,Store 0663,Winnipeg,MB,Prairies,Dealer-Owned,2018-05-31
664,Store 0664,Red Deer,AB,West,Corporate,2001-12-18
665,Store 0665,Sydney,NS,Atlantic,Dealer-Owned,2021-09-14
666,Store 0666,Vancouver,BC,West,Corporate,2015-02-15
667,Store 0667,Sydney,NS,Atlantic,Corporate,2021-12-30
668,Store 0668,London,ON,Central,Dealer-Owned,2004-08-30
669,Store 0669,Windsor,ON,Central,Dealer-Owned,2012-12-05
670,Store 0670,Montreal,QC,East,Dealer-Owned,2007-04-30
671,Store 0671,Winnipeg,MB,Prairies,Corporate,2019-09-06
672,Store 0672,Hamilton,ON,Central,Dealer-Owned,2002-06-07
673,Store 0673,Kelowna,BC,West,Corporate,2020-02-10
674,Store 0674,Montreal,QC,East,Dealer-Owned,2007-09-15
675,Store 0675,Kingston,ON,Central,Corporate,2006-12-29
676,Store 0676,Laval,QC,East,Dealer-Owned,2020-05-13
677,Store 0677,Laval,QC,East,Dealer-Owned,2003-04-21
678,Store 0678,Calgary,AB,West,Dealer-Owned,2015-08-18
679,Store 0679,Kitchener,ON,Central,Dealer-Owned,2011-04-18
680,Store 0680,Saint John,NB,Atlantic,Dealer-Owned,2008-12-29
681,Store 0681,Quebec City,QC,East,Dealer-Owned,2004-02-15
682,Store 0682,London,ON,Central,Dealer-Owned,2007-05-20
683,Store 0683,Ottawa,ON,Central,Dealer-Owned,2000-02-02
684,Store 0684,Ottawa,ON,Central,Dealer-Owned,2011-05-11
685,Store 0685,Burnaby,BC,West,Corporate,2006-07-26
686,Store 0686,Edmonton,AB,West,Dealer-Owned,2017-04-26
687,Store 0687,Barrie,ON,Central,Dealer-Owned,2024-07-25
688,Store 0688,Gatineau,QC,East,Corporate,2004-06-11
689,Store 0689,Kitchener,ON,Central,Dealer-Owned,2009-08-04
690,Store 0690,Gatineau,QC,East,Dealer-Owned,2017-09-27
691,Store 0691,Saint John,NB,Atlantic,Dealer-Owned,2014-12-07
692,Store 0692,Windsor,ON,Central,Dealer-Owned,2010-05-23
693,Store 0693,London,ON,Central,Corporate,2005-04-27
694,Store 0694,Gatineau,QC,East,Corporate,2017-05-11
695,Store 0695,Toronto,ON,Central,Dealer-Owned,2012-03-18
696,Store 0696,Moncton,NB,Atlantic,Dealer-Owned,2023-07-05
697,Store 0697,Hamilton,ON,Central,Dealer-Owned,2023-05-22
698,Store 0698,Laval,QC,East,Dealer-Owned,2023-01-31
699,Store 0699,London,ON,Central,Dealer-Owned,2008-02-29
700,Store 0700,Kingston,ON,Central,Dealer-Owned,2022-10-19
701,Store 0701,Laval,QC,East,Dealer-Owned,2017-06-06
702,Store 0702,Toronto,ON,Central,Dealer-Owned,2016-10-31
703,Store 0703,Saint John,NB,Atlantic,Dealer-Owned,2023-01-25
704,Store 0704,Kitchener,ON,Central,Dealer-Owned,2022-07-16
705,Store 0705,Windsor,ON,Central,Dealer-Owned,2004-04-05
706,Store 0706,Windsor,ON,Central,Dealer-Owned,2017-04-22
707,Store 0707,Montreal,QC,East,Dealer-Owned,2016-11-05
708,Store 0708,Brandon,MB,Prairies,Dealer-Owned,2005-05-17
709,Store 0709,Kitchener,ON,Central,Dealer-Owned,2021-03-03
710,Store 0710,Sherbrooke,QC,East,Dealer-Owned,2005-07-04
711,Store 0711,Victoria,BC,West,Dealer-Owned,2019-05-13
712,Store 0712,Ottawa,ON,Central,Corporate,2003-11-30
713,Store 0713,Windsor,ON,Central,Dealer-Owned,2015-02-06
714,Store 0714,Montreal,QC,East,Dealer-Owned,2017-03-12
715,Store 0715,St. Johns,NL,Atlantic,Dealer-Owned,2022-05-17
716,Store 0716,Windsor,ON,Central,Dealer-Owned,2014-09-18
717,Store 0717,Victoria,BC,West,Dealer-Owned,2022-06-07
718,Store 0718,Burnaby,BC,West,Dealer-Owned,2017-06-06
719,Store 0719,Kelowna,BC,West,Dealer-Owned,2010-11-01
720,Store 0720,Toronto,ON,Central,Dealer-Owned,2013-10-01
721,Store 0721,Kitchener,ON,Central,Dealer-Owned,2001-12-02
722,Store 0722,Barrie,ON,Central,Dealer-Owned,2023-10-15
723,Store 0723,Kitchener,ON,Central,Dealer-Owned,2020-03-02
724,Store 0724,Ottawa,ON,Central,Dealer-Owned,2014-10-31
725,Store 0725,Calgary,AB,West,Corporate,2006-10-19
726,Store 0726,London,ON,Central,Dealer-Owned,2011-08-28
727,Store 0727,Red Deer,AB,West,Dealer-Owned,2013-11-30
728,Store 0728,Vancouver,BC,West,Dealer-Owned,2013-09-18
729,Store 0729,Hamilton,ON,Central,Corporate,2008-10-15
730,Store 0730,Windsor,ON,Central,Dealer-Owned,2004-09-03
731,Store 0731,Richmond,BC,West,Dealer-Owned,2014-04-18
732,Store 0732,Corner Brook,NL,Atlantic,Dealer-Owned,2006-01-28
733,Store 0733,Barrie,ON,Central,Dealer-Owned,2004-11-16
734,Store 0734,Montreal,QC,East,Dealer-Owned,2003-06-27
735,Store 0735,Victoria,BC,West,Dealer-Owned,2022-02-10
736,Store 0736,Burnaby,BC,West,Dealer-Owned,2013-02-21
737,Store 0737,Laval,QC,East,Dealer-Owned,2023-04-27
738,Store 0738,Sherbrooke,QC,East,Dealer-Owned,2013-10-22
739,Store 0739,Burnaby,BC,West,Dealer-Owned,2015-05-23
740,Store 0740,Ottawa,ON,Central,Dealer-Owned,2013-06-22
741,Store 0741,Sydney,NS,Atlantic,Dealer-Owned,2013-05-03
742,Store 0742,Calgary,AB,West,Dealer-Owned,2015-09-22
743,Store 0743,Ottawa,ON,Central,Dealer-Owned,2015-01-25
744,Store 0744,Laval,QC,East,Dealer-Owned,2003-09-22
745,Store 0745,London,ON,Central,Corporate,2023-07-20
746,Store 0746,Richmond,BC,West,Corporate,2015-12-06
747,Store 0747,Gatineau,QC,East,Dealer-Owned,2014-07-10
748,Store 0748,Windsor,ON,Central,Dealer-Owned,2003-06-19
749,Store 0749,Sydney,NS,Atlantic,Dealer-Owned,2023-01-22
750,Store 0750,Burnaby,BC,West,Dealer-Owned,2022-04-03
751,Store 0751,Sherbrooke,QC,East,Dealer-Owned,2024-02-24
752,Store 0752,London,ON,Central,Dealer-Owned,2014-09-03
753,Store 0753,Saskatoon,SK,Prairies,Dealer-Owned,2001-07-06
754,Store 0754,Quebec City,QC,East,Dealer-Owned,2024-03-28
755,Store 0755,Ottawa,ON,Central,Dealer-Owned,2009-03-21
756,Store 0756,Edmonton,AB,West,Dealer-Owned,2007-08-31
757,Store 0757,Edmonton,AB,West,Dealer-Owned,2007-02-28
758,Store 0758,Ottawa,ON,Central,Dealer-Owned,2022-03-10
759,Store 0759,Winnipeg,MB,Prairies,Dealer-Owned,2008-08-11
760,Store 0760,Barrie,ON,Central,Dealer-Owned,2016-09-16
761,Store 0761,Laval,QC,East,Dealer-Owned,2014-08-27
762,Store 0762,Corner Brook,NL,Atlantic,Dealer-Owned,2014-07-05
763,Store 0763,Lethbridge,AB,West,Dealer-Owned,2020-11-28
764,Store 0764,Ottawa,ON,Central,Dealer-Owned,2003-10-28
765,Store 0765,Halifax,NS,Atlantic,Dealer-Owned,2005-02-28
766,Store 0766,Charlottetown,PE,Atlantic,Corporate,2000-11-19
767,Store 0767,Calgary,AB,West,Dealer-Owned,2005-12-14
768,Store 0768,Brandon,MB,Prairies,Dealer-Owned,2002-03-18
769,Store 0769,Brandon,MB,Prairies,Dealer-Owned,2018-09-04
770,Store 0770,Edmonton,AB,West,Corporate,2008-07-08
771,Store 0771,Toronto,ON,Central,Dealer-Owned,2009-01-06
772,Store 0772,Barrie,ON,Central,Corporate,2019-06-19
773,Store 0773,Vancouver,BC,West,Dealer-Owned,2022-02-17
774,Store 0774,London,ON,Central,Corporate,2020-12-26
775,Store 0775,Sherbrooke,QC,East,Dealer-Owned,2000-03-03
776,Store 0776,London,ON,Central,Dealer-Owned,2019-08-22
777,Store 0777,Barrie,ON,Central,Dealer-Owned,2005-05-07
778,Store 0778,Ottawa,ON,Central,Dealer-Owned,2024-10-13
779,Store 0779,Lethbridge,AB,West,Dealer-Owned,2004-08-10
780,Store 0780,Quebec City,QC,East,Dealer-Owned,2004-08-04
781,Store 0781,Vancouver,BC,West,Dealer-Owned,2017-12-03
782,Store 0782,Saint John,NB,Atlantic,Dealer-Owned,2011-06-14
783,Store 0783,Winnipeg,MB,Prairies,Corporate,2024-11-18
784,Store 0784,Kitchener,ON,Central,Dealer-Owned,2023-02-23
785,Store 0785,Kitchener,ON,Central,Dealer-Owned,2002-05-05
786,Store 0786,Sydney,NS,Atlantic,Dealer-Owned,2013-09-14
787,Store 0787,Red Deer,AB,West,Dealer-Owned,2020-01-05
788,Store 0788,Sherbrooke,QC,East,Corporate,2010-12-18
789,Store 0789,Laval,QC,East,Dealer-Owned,2004-09-18
790,Store 0790,Hamilton,ON,Central,Dealer-Owned,2007-03-11
791,Store 0791,St. Johns,NL,Atlantic,Dealer-Owned,2004-06-05
792,Store 0792,St. Johns,NL,Atlantic,Dealer-Owned,2017-10-19
793,Store 0793,Surrey,BC,West,Dealer-Owned,2005-12-11
794,Store 0794,Barrie,ON,Central,Dealer-Owned,2017-06-17
795,Store 0795,Barrie,ON,Central,Dealer-Owned,2003-12-31
796,Store 0796,St. Johns,NL,Atlantic,Dealer-Owned,2018-05-17
797,Store 0797,Calgary,AB,West,Corporate,2009-01-29
798,Store 0798,Brandon,MB,Prairies,Dealer-Owned,2019-04-08
799,Store 0799,Edmonton,AB,West,Dealer-Owned,2023-07-21
800,Store 0800,Ottawa,ON,Central,Dealer-Owned,2020-04-26
